,app,alg,f_of_S,Time,TimeDist,TimePost,SolSize,k,n,nNodes,nThreads,trial
0,InfMax,MED+RG,4.65,41.6307590007782,41.62039089202881,0.0,4,4,100000,32,1,1
1,InfMax,MED+RG,9.279900000000003,74.14531397819519,74.13524317741394,0.0,8,8,100000,32,1,1
2,InfMax,MED+RG,18.479900000000004,137.57763695716858,137.56788301467896,0.0,16,16,100000,32,1,1
3,InfMax,MED+RG,36.8198,289.7038559913635,289.6935789585113,0.0,32,32,100000,32,1,1
4,InfMax,MED+RG,73.2998,552.2768709659576,552.2669849395752,0.0,64,64,100000,32,1,1
5,InfMax,MED+RG,145.6594,1167.281553030014,1167.2697939872742,0.0,128,128,100000,32,1,1
6,InfMax,MED+RG,289.7863000000001,2424.38676905632,2424.376510858536,0.0,256,256,100000,32,1,1
7,InfMax,MED+RG,576.491302,4150.42952299118,4150.413860321045,0.0,512,512,100000,32,1,1
8,InfMax,MED+RG,1144.8488080000002,6385.495383024216,6385.480129480362,0.0,1024,1024,100000,32,1,1
9,InfMax,MED+RG,2273.1319599900003,12435.27674984932,12435.24655532837,0.0,2048,2048,100000,32,1,1
0,InfMax,MED+RG,4.65,44.004502058029175,43.99336504936218,0.0,4,4,100000,32,1,1
1,InfMax,MED+RG,9.279900000000003,89.52897810935974,89.51833200454712,0.0,8,8,100000,32,1,1
2,InfMax,MED+RG,18.4799,130.47922492027283,130.468847990036,0.0,16,16,100000,32,1,1
3,InfMax,MED+RG,36.81980000000001,292.74606800079346,292.7357771396637,0.0,32,32,100000,32,1,1
4,InfMax,MED+RG,73.29980000000003,550.8985619544983,550.8884069919586,0.0,64,64,100000,32,1,1
5,InfMax,MED+RG,145.65940000000003,1245.4597470760343,1245.44948387146,0.0,128,128,100000,32,1,1
6,InfMax,MED+RG,289.7863000000001,2723.402592897415,2723.391714811325,0.0,256,256,100000,32,1,1
7,InfMax,MED+RG,576.4914020000001,4748.1282777786255,4748.115190029144,0.0,512,512,100000,32,1,1
8,InfMax,MED+RG,1144.8483069999995,7413.298749923706,7413.282096147537,0.0,1024,1024,100000,32,1,1
9,InfMax,MED+RG,2273.0812629900006,14274.025364875792,14273.9975066185,0.0,2048,2048,100000,32,1,1
0,InfMax,MED+RG,4.65,42.85162711143494,42.84097599983215,0.0,4,4,100000,32,1,1
1,InfMax,MED+RG,9.2799,89.76432299613953,89.75396490097046,0.0,8,8,100000,32,1,1
2,InfMax,MED+RG,18.479900000000004,132.64684510231018,132.63704895973206,0.0,16,16,100000,32,1,1
3,InfMax,MED+RG,36.81980000000001,331.1137800216675,331.1036939620972,0.0,32,32,100000,32,1,1
4,InfMax,MED+RG,73.2998,576.1484041213989,576.1379280090332,0.0,64,64,100000,32,1,1
5,InfMax,MED+RG,145.65940000000003,1341.7246968746183,1341.7148880958557,0.0,128,128,100000,32,1,1
6,InfMax,MED+RG,289.77650000000006,2484.578106880188,2484.5642018318176,0.0,256,256,100000,32,1,1
7,InfMax,MED+RG,576.4815020000001,4564.550606966019,4564.533581733704,0.0,512,512,100000,32,1,1
8,InfMax,MED+RG,1144.8290070000005,7571.931219100952,7571.916243553162,0.0,1024,1024,100000,32,1,1
9,InfMax,MED+RG,2273.1125599900006,13470.313508987429,13470.287988901138,0.0,2048,2048,100000,32,1,1
0,InfMax,MED+RG,4.65,43.0538649559021,43.04255890846253,0.0,4,4,100000,32,1,1
1,InfMax,MED+RG,9.2799,77.34429407119751,77.33411288261414,0.0,8,8,100000,32,1,1
2,InfMax,MED+RG,18.479900000000004,134.74138498306274,134.73147702217102,0.0,16,16,100000,32,1,1
3,InfMax,MED+RG,36.81980000000001,305.41767597198486,305.40761494636536,0.0,32,32,100000,32,1,1
4,InfMax,MED+RG,73.29980000000003,615.4918658733368,615.4814701080322,0.0,64,64,100000,32,1,1
5,InfMax,MED+RG,145.65940000000003,1094.4757809638977,1094.4653961658478,0.0,128,128,100000,32,1,1
6,InfMax,MED+RG,289.7863,2386.284457921982,2386.272367954254,0.0,256,256,100000,32,1,1
7,InfMax,MED+RG,576.4916020000001,4191.279257059097,4191.1607830524445,0.0,512,512,100000,32,1,1
8,InfMax,MED+RG,1144.8480070000005,6456.602035999298,6456.582687854767,0.0,1024,1024,100000,32,1,1
9,InfMax,MED+RG,2273.0815629900003,12316.430730104446,12316.407076358795,0.0,2048,2048,100000,32,1,1
0,InfMax,MED+RG,4.65,42.756340980529785,42.74531412124634,0.0,4,4,100000,32,1,1
1,InfMax,MED+RG,9.2799,88.49950003623962,88.48918986320496,0.0,8,8,100000,32,1,1
2,InfMax,MED+RG,18.479900000000004,149.51745581626892,149.50741004943848,0.0,16,16,100000,32,1,1
3,InfMax,MED+RG,36.8198,294.18364000320435,294.1706700325012,0.0,32,32,100000,32,1,1
4,InfMax,MED+RG,73.2998,580.9530560970306,580.9365031719208,0.0,64,64,100000,32,1,1
5,InfMax,MED+RG,145.65940000000003,1449.8525149822235,1449.8349528312683,0.0,128,128,100000,32,1,1
6,InfMax,MED+RG,289.77650000000006,2501.269958972931,2501.255452871322,0.0,256,256,100000,32,1,1
7,InfMax,MED+RG,576.481302,4138.453371047974,4138.263773441315,0.0,512,512,100000,32,1,1
8,InfMax,MED+RG,1144.8288070000003,6563.130860090256,6563.115166187286,0.0,1024,1024,100000,32,1,1
9,InfMax,MED+RG,2273.0732559900007,13646.284853935242,13646.232622385023,0.0,2048,2048,100000,32,1,1
0,InfMax,RandGreedI,4.65,41.6118860244751,39.70170283317566,1.7185649871826172,4,4,100000,32,1,1
1,InfMax,RandGreedI,9.279900000000003,74.27162003517151,68.23402690887451,5.8507609367370605,8,8,100000,32,1,1
2,InfMax,RandGreedI,18.479900000000004,137.1565978527069,120.3071620464325,16.662683963775635,16,16,100000,32,1,1
3,InfMax,RandGreedI,36.8198,289.6460440158844,240.98981308937076,48.469542026519775,32,32,100000,32,1,1
4,InfMax,RandGreedI,73.2998,551.1108989715576,433.30517196655273,117.6178150177002,64,64,100000,32,1,1
5,InfMax,RandGreedI,145.65940000000003,1463.218554019928,710.3893389701843,752.6427700519562,128,128,100000,32,1,1
6,InfMax,RandGreedI,289.7863000000001,5117.748104095459,1118.2177939414978,3999.343332052231,256,256,100000,32,1,1
7,InfMax,RandGreedI,576.481202,12213.203140974045,1648.7740168571472,10564.242522001266,512,512,100000,32,1,1
0,InfMax,RandGreedI,4.65,43.80687594413757,41.84562587738037,1.768432855606079,4,4,100000,32,1,1
1,InfMax,RandGreedI,9.279900000000003,89.49793601036072,83.4670090675354,5.842839956283569,8,8,100000,32,1,1
2,InfMax,RandGreedI,18.4799,130.43825888633728,118.69796299934389,11.552047967910768,16,16,100000,32,1,1
3,InfMax,RandGreedI,36.81980000000001,283.2914209365845,219.57933282852173,63.52048206329346,32,32,100000,32,1,1
4,InfMax,RandGreedI,73.29980000000003,549.0424420833588,411.22877502441406,137.62205505371094,64,64,100000,32,1,1
5,InfMax,RandGreedI,145.6594,1145.2622139453888,663.5271179676056,481.5441160202026,128,128,100000,32,1,1
6,InfMax,RandGreedI,289.7863000000001,3785.7367861270905,1137.0839529037476,2648.464231014252,256,256,100000,32,1,1
7,InfMax,RandGreedI,576.4916020000001,10457.784684181212,1851.5550310611725,8606.042623996735,512,512,100000,32,1,1
0,InfMax,RandGreedI,4.65,42.76965403556824,40.7570230960846,1.823004961013794,4,4,100000,32,1,1
1,InfMax,RandGreedI,9.2799,90.07080006599426,86.54028010368347,3.338776111602783,8,8,100000,32,1,1
2,InfMax,RandGreedI,18.479900000000004,133.18918704986572,121.37959599494934,11.620699167251589,16,16,100000,32,1,1
3,InfMax,RandGreedI,36.81980000000001,330.0750241279602,286.5228719711304,43.36382818222046,32,32,100000,32,1,1
4,InfMax,RandGreedI,73.2998,570.5189919471741,381.58151412010193,188.7469038963318,64,64,100000,32,1,1
5,InfMax,RandGreedI,145.65940000000003,1272.6696150302887,687.674073934555,584.8034110069275,128,128,100000,32,1,1
6,InfMax,RandGreedI,289.7764,3791.822662830353,1143.4137330055237,2648.215987920761,256,256,100000,32,1,1
7,InfMax,RandGreedI,576.481402,12173.529528141022,1735.7354781627655,10437.603876113892,512,512,100000,32,1,1
0,InfMax,RandGreedI,4.65,42.746833086013794,40.82930397987366,1.725106954574585,4,4,100000,32,1,1
1,InfMax,RandGreedI,9.2799,76.93800401687622,73.3963611125946,3.3536078929901123,8,8,100000,32,1,1
2,InfMax,RandGreedI,18.479900000000004,134.01640009880066,122.1978840827942,11.628626108169556,16,16,100000,32,1,1
3,InfMax,RandGreedI,36.81980000000001,308.58794713020325,259.9169888496399,48.47886800765991,32,32,100000,32,1,1
4,InfMax,RandGreedI,73.29980000000003,616.5650329589844,417.1603660583496,199.21258902549744,64,64,100000,32,1,1
5,InfMax,RandGreedI,145.65940000000003,1556.6528840065002,683.4550170898438,873.0102310180664,128,128,100000,32,1,1
6,InfMax,RandGreedI,289.7863000000001,4577.868947982788,1380.9128668308258,3196.766258955002,256,256,100000,32,1,1
7,InfMax,RandGreedI,576.4815020000002,11991.927181005478,1820.9896411895752,10170.750749111176,512,512,100000,32,1,1
0,InfMax,RandGreedI,4.65,42.57695508003235,40.65445613861084,1.7341179847717283,4,4,100000,32,1,1
1,InfMax,RandGreedI,9.2799,88.64701008796692,85.080894947052,3.3745791912078857,8,8,100000,32,1,1
2,InfMax,RandGreedI,18.479900000000004,149.53638792037964,134.9648151397705,14.38240885734558,16,16,100000,32,1,1
3,InfMax,RandGreedI,36.8198,285.54912996292114,246.7559759616852,38.6036229133606,32,32,100000,32,1,1
4,InfMax,RandGreedI,73.2998,567.5464839935303,368.4571359157562,198.8971848487854,64,64,100000,32,1,1
5,InfMax,RandGreedI,145.6594,1362.9244940280914,813.0319910049438,549.7008380889893,128,128,100000,32,1,1
6,InfMax,RandGreedI,289.7764,3367.1317160129547,1361.021275997162,2005.9250099658968,256,256,100000,32,1,1
7,InfMax,RandGreedI,576.4816020000001,10164.320353984833,1839.752930879593,8324.375632047653,512,512,100000,32,1,1
0,NetCov,MED+RG,4114.0,18.96651816368103,18.955715894699097,0.0,4,4,100000,32,1,1
1,NetCov,MED+RG,7073.0,30.38740301132202,30.37726593017578,0.0,8,8,100000,32,1,1
2,NetCov,MED+RG,10733.0,60.374496936798096,60.36405611038208,0.0,16,16,100000,32,1,1
3,NetCov,MED+RG,15476.0,121.88296508789062,121.87301516532898,0.0,32,32,100000,32,1,1
4,NetCov,MED+RG,21717.0,316.30160999298096,316.2915599346161,0.0,64,64,100000,32,1,1
5,NetCov,MED+RG,29503.0,857.0807139873505,857.0703938007355,0.0,128,128,100000,32,1,1
6,NetCov,MED+RG,39406.0,1907.0839681625368,1907.0713329315183,0.0,256,256,100000,32,1,1
7,NetCov,MED+RG,50693.0,4016.652461051941,4016.6362013816833,0.0,512,512,100000,32,1,1
8,NetCov,MED+RG,63363.0,8300.537207126617,8300.518598794937,0.0,1024,1024,100000,32,1,1
9,NetCov,MED+RG,76822.0,15810.90358901024,15810.880355596542,0.0,2048,2048,100000,32,1,1
0,NetCov,MED+RG,4114.0,18.39477515220642,18.38391089439392,0.0,4,4,100000,32,1,1
1,NetCov,MED+RG,7073.0,30.381739854812626,30.371577978134155,0.0,8,8,100000,32,1,1
2,NetCov,MED+RG,10733.0,50.789671182632446,50.77957606315613,0.0,16,16,100000,32,1,1
3,NetCov,MED+RG,15476.0,111.38191103935242,111.37173414230348,0.0,32,32,100000,32,1,1
4,NetCov,MED+RG,21717.0,329.009644985199,328.9997310638428,0.0,64,64,100000,32,1,1
5,NetCov,MED+RG,29503.0,890.6000010967255,890.5898549556732,0.0,128,128,100000,32,1,1
6,NetCov,MED+RG,39406.0,2120.6384398937225,2120.627643823624,0.0,256,256,100000,32,1,1
7,NetCov,MED+RG,50694.0,4224.314877986908,4224.304122924805,0.0,512,512,100000,32,1,1
8,NetCov,MED+RG,63364.0,8441.083266973495,8441.06761598587,0.0,1024,1024,100000,32,1,1
9,NetCov,MED+RG,76816.0,15521.867844104769,15521.844607114792,0.0,2048,2048,100000,32,1,1
0,NetCov,MED+RG,4114.0,18.24420118331909,18.233428955078125,0.0,4,4,100000,32,1,1
1,NetCov,MED+RG,7073.0,31.262875080108643,31.252108812332157,0.0,8,8,100000,32,1,1
2,NetCov,MED+RG,10733.0,61.08319306373596,61.07340216636658,0.0,16,16,100000,32,1,1
3,NetCov,MED+RG,15476.0,109.85862708091736,109.84900212287904,0.0,32,32,100000,32,1,1
4,NetCov,MED+RG,21717.0,319.54218220710754,319.5325241088867,0.0,64,64,100000,32,1,1
5,NetCov,MED+RG,29502.0,883.4945049285889,883.484964132309,0.0,128,128,100000,32,1,1
6,NetCov,MED+RG,39406.0,2078.0388300418854,2078.02894282341,0.0,256,256,100000,32,1,1
7,NetCov,MED+RG,50692.0,4470.502684116364,4470.492013931274,0.0,512,512,100000,32,1,1
8,NetCov,MED+RG,63364.0,8689.124736070633,8689.043111801147,0.0,1024,1024,100000,32,1,1
9,NetCov,MED+RG,76830.0,15907.963489055634,15907.94294309616,0.0,2048,2048,100000,32,1,1
0,NetCov,MED+RG,4114.0,29.79544186592102,29.78498601913452,0.0,4,4,100000,32,1,1
1,NetCov,MED+RG,7073.0,31.486997842788696,31.47648000717163,0.0,8,8,100000,32,1,1
2,NetCov,MED+RG,10733.0,62.7667760848999,62.75667405128479,0.0,16,16,100000,32,1,1
3,NetCov,MED+RG,15476.0,121.3802080154419,121.3698079586029,0.0,32,32,100000,32,1,1
4,NetCov,MED+RG,21717.0,308.534038066864,308.5241370201111,0.0,64,64,100000,32,1,1
5,NetCov,MED+RG,29503.0,899.8532478809357,899.8433248996735,0.0,128,128,100000,32,1,1
6,NetCov,MED+RG,39406.0,2025.381519794464,2025.37082195282,0.0,256,256,100000,32,1,1
7,NetCov,MED+RG,50692.0,4130.864192008972,4130.853244781494,0.0,512,512,100000,32,1,1
8,NetCov,MED+RG,63361.0,8526.301537036896,8526.285893917084,0.0,1024,1024,100000,32,1,1
9,NetCov,MED+RG,76824.0,16113.21582198143,16113.187304258348,0.0,2048,2048,100000,32,1,1
0,NetCov,MED+RG,4114.0,19.01778197288513,19.00052499771118,0.0,4,4,100000,32,1,1
1,NetCov,MED+RG,7073.0,32.37511491775513,32.358559131622314,0.0,8,8,100000,32,1,1
2,NetCov,MED+RG,10733.0,52.57694911956787,52.56083679199219,0.0,16,16,100000,32,1,1
3,NetCov,MED+RG,15476.0,127.77126598358154,127.75509786605836,0.0,32,32,100000,32,1,1
4,NetCov,MED+RG,21717.0,328.4394748210907,328.4230191707611,0.0,64,64,100000,32,1,1
5,NetCov,MED+RG,29502.0,905.576602935791,905.5584700107574,0.0,128,128,100000,32,1,1
6,NetCov,MED+RG,39406.0,2102.8583920001984,2102.8474836349487,0.0,256,256,100000,32,1,1
7,NetCov,MED+RG,50694.0,4104.527808189392,4104.516997337341,0.0,512,512,100000,32,1,1
8,NetCov,MED+RG,63365.0,8087.817765951157,8087.802656173706,0.0,1024,1024,100000,32,1,1
9,NetCov,MED+RG,76811.0,16219.228416204453,16219.202940702438,0.0,2048,2048,100000,32,1,1
0,NetCov,RandGreedI,4114.0,18.894690990448,17.865740060806274,0.8374190330505371,4,4,100000,32,1,1
1,NetCov,RandGreedI,7073.0,30.00084090232849,28.212033987045288,1.5983939170837402,8,8,100000,32,1,1
2,NetCov,RandGreedI,10733.0,59.61819982528687,51.54130005836487,7.888168811798096,16,16,100000,32,1,1
3,NetCov,RandGreedI,15476.0,121.24167394638062,78.53162884712219,42.52082896232605,32,32,100000,32,1,1
4,NetCov,RandGreedI,21717.0,312.8061058521271,127.84863305091858,184.7647888660431,64,64,100000,32,1,1
5,NetCov,RandGreedI,29502.0,1143.9689090251925,244.3861391544342,899.3950588703156,128,128,100000,32,1,1
6,NetCov,RandGreedI,39406.0,3979.684278964996,370.492203950882,3609.001680135727,256,256,100000,32,1,1
7,NetCov,RandGreedI,50693.0,14016.109940052032,540.7691259384155,13475.147845029833,512,512,100000,32,1,1
0,NetCov,RandGreedI,4114.0,18.270036935806274,17.23612093925476,0.8395941257476807,4,4,100000,32,1,1
1,NetCov,RandGreedI,7073.0,30.01523494720459,28.21886897087097,1.5999209880828855,8,8,100000,32,1,1
2,NetCov,RandGreedI,10733.0,50.29961490631104,42.19747495651245,7.91278600692749,16,16,100000,32,1,1
3,NetCov,RandGreedI,15476.0,110.52652597427368,67.73244714736938,42.59952688217163,32,32,100000,32,1,1
4,NetCov,RandGreedI,21717.0,326.04260897636414,140.82843208312988,185.0208070278168,64,64,100000,32,1,1
5,NetCov,RandGreedI,29502.0,1082.5077810287476,216.1409990787506,866.1787021160126,128,128,100000,32,1,1
6,NetCov,RandGreedI,39406.0,4204.12273979187,333.80459094047546,3870.122965812683,256,256,100000,32,1,1
7,NetCov,RandGreedI,50694.0,14678.239936113358,533.4284541606903,14144.623652935028,512,512,100000,32,1,1
0,NetCov,RandGreedI,4114.0,18.11553311347961,17.08501100540161,0.840522050857544,4,4,100000,32,1,1
1,NetCov,RandGreedI,7073.0,30.967814922332764,29.17649722099304,1.6058290004730225,8,8,100000,32,1,1
2,NetCov,RandGreedI,10733.0,60.485543966293335,52.381645917892456,7.914546966552734,16,16,100000,32,1,1
3,NetCov,RandGreedI,15476.0,109.36649489402772,66.51188111305237,42.666199922561646,32,32,100000,32,1,1
4,NetCov,RandGreedI,21717.0,317.07204389572144,131.95073199272156,184.93171095848083,64,64,100000,32,1,1
5,NetCov,RandGreedI,29502.0,1172.1594829559326,221.4849538803101,950.490595817566,128,128,100000,32,1,1
6,NetCov,RandGreedI,39406.0,4001.989389896393,338.66436100006104,3663.136781930924,256,256,100000,32,1,1
7,NetCov,RandGreedI,50693.0,13269.009027957916,510.78992199897766,12758.035076856611,512,512,100000,32,1,1
0,NetCov,RandGreedI,4114.0,29.598052978515625,28.5666298866272,0.8467388153076172,4,4,100000,32,1,1
1,NetCov,RandGreedI,7073.0,31.100656032562256,29.29799103736877,1.613029956817627,8,8,100000,32,1,1
2,NetCov,RandGreedI,10733.0,62.01706886291504,53.8748140335083,7.959136009216309,16,16,100000,32,1,1
3,NetCov,RandGreedI,15476.0,121.83272218704224,78.83386993408203,42.816035985946655,32,32,100000,32,1,1
4,NetCov,RandGreedI,21717.0,307.8486499786377,121.80962920188904,185.85086488723755,64,64,100000,32,1,1
5,NetCov,RandGreedI,29503.0,1189.4475610256195,207.4086530208588,981.8533987998962,128,128,100000,32,1,1
6,NetCov,RandGreedI,39406.0,4197.935010910034,316.68104910850525,3881.070194005966,256,256,100000,32,1,1
7,NetCov,RandGreedI,50692.0,14133.556462049484,486.7228879928589,13646.644926071169,512,512,100000,32,1,1
0,NetCov,RandGreedI,4114.0,18.48350501060486,17.441509008407593,0.8468189239501953,4,4,100000,32,1,1
1,NetCov,RandGreedI,7073.0,31.775031089782715,29.973265171051025,1.6104819774627686,8,8,100000,32,1,1
2,NetCov,RandGreedI,10733.0,51.91325616836548,43.76873087882996,7.95252513885498,16,16,100000,32,1,1
3,NetCov,RandGreedI,15476.0,126.60196304321288,81.69636297225952,44.71560502052307,32,32,100000,32,1,1
4,NetCov,RandGreedI,21717.0,325.4595899581909,143.12018203735352,182.15007901191711,64,64,100000,32,1,1
5,NetCov,RandGreedI,29502.0,1106.9161670207975,227.0737879276276,879.6518020629883,128,128,100000,32,1,1
6,NetCov,RandGreedI,39406.0,4439.945291042328,327.5378839969635,4112.220751047134,256,256,100000,32,1,1
7,NetCov,RandGreedI,50694.0,13188.46638393402,486.9046769142151,12701.371730804443,512,512,100000,32,1,1
0,RevMax,MED+RG,48.0,21.34754490852356,21.337126970291138,0.0,4,4,100000,32,1,1
1,RevMax,MED+RG,96.0,35.29901385307312,35.2881178855896,0.0,8,8,100000,32,1,1
2,RevMax,MED+RG,192.0,49.71158003807068,49.70177412033081,0.0,16,16,100000,32,1,1
3,RevMax,MED+RG,380.0,94.3394238948822,94.329607963562,0.0,32,32,100000,32,1,1
4,RevMax,MED+RG,732.0,206.55706095695496,206.54669713974,0.0,64,64,100000,32,1,1
5,RevMax,MED+RG,1436.0,539.7317960262299,539.7217538356781,0.0,128,128,100000,32,1,1
6,RevMax,MED+RG,2844.0,1198.6556870937347,1198.6455600261688,0.0,256,256,100000,32,1,1
7,RevMax,MED+RG,5660.0,2749.1379919052124,2749.1252818107605,0.0,512,512,100000,32,1,1
8,RevMax,MED+RG,11292.0,5924.095602989197,5924.078323364258,0.0,1024,1024,100000,32,1,1
9,RevMax,MED+RG,22556.0,11804.8689558506,11804.83367061615,0.0,2048,2048,100000,32,1,1
10,RevMax,MED+RG,33264.25297650745,19312.939972162247,19312.89898610115,0.0,3125,3125,100000,32,1,1
0,RevMax,MED+RG,48.0,20.55459189414978,20.543971061706543,0.0,4,4,100000,32,1,1
1,RevMax,MED+RG,96.0,21.562777996063232,21.551615953445435,0.0,8,8,100000,32,1,1
2,RevMax,MED+RG,192.0,49.51481580734253,49.50481414794922,0.0,16,16,100000,32,1,1
3,RevMax,MED+RG,380.0,89.9858820438385,89.97585797309875,0.0,32,32,100000,32,1,1
4,RevMax,MED+RG,732.0,222.57981300354004,222.5691328048706,0.0,64,64,100000,32,1,1
5,RevMax,MED+RG,1436.0,500.3762910366058,500.3654251098633,0.0,128,128,100000,32,1,1
6,RevMax,MED+RG,2844.0,1121.1615691184998,1121.1507940292358,0.0,256,256,100000,32,1,1
7,RevMax,MED+RG,5660.0,2755.1022078990936,2755.091765642166,0.0,512,512,100000,32,1,1
8,RevMax,MED+RG,11292.0,5703.040038108826,5703.026565313339,0.0,1024,1024,100000,32,1,1
9,RevMax,MED+RG,22556.0,11264.359166145325,11264.331927537918,0.0,2048,2048,100000,32,1,1
10,RevMax,MED+RG,33749.47275134318,18583.993818998337,18583.93095421791,0.0,3125,3125,100000,32,1,1
0,RevMax,MED+RG,48.0,20.95805311203003,20.947082996368408,0.0,4,4,100000,32,1,1
1,RevMax,MED+RG,96.0,35.4401798248291,35.42999196052551,0.0,8,8,100000,32,1,1
2,RevMax,MED+RG,192.0,49.71238398551941,49.70268201828003,0.0,16,16,100000,32,1,1
3,RevMax,MED+RG,380.0,96.53932809829712,96.52914094924928,0.0,32,32,100000,32,1,1
4,RevMax,MED+RG,732.0,224.37030792236328,224.36016392707825,0.0,64,64,100000,32,1,1
5,RevMax,MED+RG,1436.0,579.8463521003723,579.8363702297211,0.0,128,128,100000,32,1,1
6,RevMax,MED+RG,2844.0,1208.8874740600586,1208.8770499229431,0.0,256,256,100000,32,1,1
7,RevMax,MED+RG,5660.0,2768.723201036453,2768.7114028930664,0.0,512,512,100000,32,1,1
8,RevMax,MED+RG,11292.0,5772.695672035217,5772.677916526794,0.0,1024,1024,100000,32,1,1
9,RevMax,MED+RG,22556.0,11905.62200307846,11905.591663360596,0.0,2048,2048,100000,32,1,1
10,RevMax,MED+RG,33664.12978122447,18895.514616012573,18895.481354236603,0.0,3125,3125,100000,32,1,1
0,RevMax,MED+RG,48.0,20.57467603683472,20.563807010650635,0.0,4,4,100000,32,1,1
1,RevMax,MED+RG,96.0,34.45898985862732,34.44848895072937,0.0,8,8,100000,32,1,1
2,RevMax,MED+RG,192.0,49.71565389633179,49.70556879043579,0.0,16,16,100000,32,1,1
3,RevMax,MED+RG,380.0,95.87735605239868,95.86729288101196,0.0,32,32,100000,32,1,1
4,RevMax,MED+RG,732.0,229.30387902259827,229.29350090026853,0.0,64,64,100000,32,1,1
5,RevMax,MED+RG,1436.0,561.2357130050659,561.2252991199493,0.0,128,128,100000,32,1,1
6,RevMax,MED+RG,2844.0,1233.4588811397552,1233.4482831954956,0.0,256,256,100000,32,1,1
7,RevMax,MED+RG,5660.0,2756.0909991264343,2756.079641819,0.0,512,512,100000,32,1,1
8,RevMax,MED+RG,11292.0,5440.185075998306,5440.16969203949,0.0,1024,1024,100000,32,1,1
9,RevMax,MED+RG,22556.0,11166.837433099749,11166.81662607193,0.0,2048,2048,100000,32,1,1
10,RevMax,MED+RG,34379.93433240035,18745.892059087757,18745.848870515823,0.0,3125,3125,100000,32,1,1
0,RevMax,MED+RG,48.0,20.98643398284912,20.975292921066284,0.0,4,4,100000,32,1,1
1,RevMax,MED+RG,96.0,34.75458598136902,34.74457406997681,0.0,8,8,100000,32,1,1
2,RevMax,MED+RG,192.0,48.58300280570984,48.57275581359863,0.0,16,16,100000,32,1,1
3,RevMax,MED+RG,380.0,93.16110491752625,93.15135216712952,0.0,32,32,100000,32,1,1
4,RevMax,MED+RG,732.0,209.7155249118805,209.7055370807648,0.0,64,64,100000,32,1,1
5,RevMax,MED+RG,1436.0,593.1190559864044,593.1032149791718,0.0,128,128,100000,32,1,1
6,RevMax,MED+RG,2844.0,1178.7560820579529,1178.7390909194946,0.0,256,256,100000,32,1,1
7,RevMax,MED+RG,5660.0,2765.881870031357,2765.870507955551,0.0,512,512,100000,32,1,1
8,RevMax,MED+RG,11292.0,5552.358730077744,5552.341805934906,0.0,1024,1024,100000,32,1,1
9,RevMax,MED+RG,22556.0,11194.921319007874,11194.798953294754,0.0,2048,2048,100000,32,1,1
10,RevMax,MED+RG,34399.155722066724,18874.43502306938,18874.39791917801,0.0,3125,3125,100000,32,1,1
0,RevMax,RandGreedI,48.0,21.12597703933716,20.544309854507446,0.3967628479003906,4,4,100000,32,1,1
1,RevMax,RandGreedI,96.0,35.03924608230591,34.16012406349182,0.6892721652984619,8,8,100000,32,1,1
2,RevMax,RandGreedI,192.0,49.20135807991028,47.75281095504761,1.2642109394073486,16,16,100000,32,1,1
3,RevMax,RandGreedI,380.0,93.86092805862428,87.00676012039185,6.670387983322144,32,32,100000,32,1,1
4,RevMax,RandGreedI,732.0,205.18290400505063,140.14543509483337,64.85034704208374,64,64,100000,32,1,1
5,RevMax,RandGreedI,1436.0,565.4330971240997,260.80055379867554,304.44842195510864,128,128,100000,32,1,1
6,RevMax,RandGreedI,2844.0,2535.947291135788,471.1946330070496,2064.5699751377106,256,256,100000,32,1,1
7,RevMax,RandGreedI,5660.0,10290.516499996183,906.0632169246674,9384.26533293724,512,512,100000,32,1,1
0,RevMax,RandGreedI,48.0,20.69555902481079,20.10087895393372,0.4015450477600097,4,4,100000,32,1,1
1,RevMax,RandGreedI,96.0,21.53245687484741,20.64847493171692,0.6892919540405273,8,8,100000,32,1,1
2,RevMax,RandGreedI,192.0,49.39395904541016,47.931588888168335,1.2744340896606443,16,16,100000,32,1,1
3,RevMax,RandGreedI,380.0,89.41241002082825,82.51827812194824,6.706619024276733,32,32,100000,32,1,1
4,RevMax,RandGreedI,732.0,221.8596007823944,156.64284014701843,65.025545835495,64,64,100000,32,1,1
5,RevMax,RandGreedI,1436.0,666.2509438991547,274.5905251502991,391.4695129394531,128,128,100000,32,1,1
6,RevMax,RandGreedI,2844.0,2507.624503135681,513.1099328994751,1994.325220108032,256,256,100000,32,1,1
7,RevMax,RandGreedI,5660.0,9997.486221075058,909.9791309833528,9087.317857027054,512,512,100000,32,1,1
0,RevMax,RandGreedI,48.0,20.796121835708615,20.204132080078125,0.3973569869995117,4,4,100000,32,1,1
1,RevMax,RandGreedI,96.0,35.21725296974182,34.34263896942139,0.6863439083099365,8,8,100000,32,1,1
2,RevMax,RandGreedI,192.0,49.50601601600647,48.049412965774536,1.2637629508972168,16,16,100000,32,1,1
3,RevMax,RandGreedI,380.0,95.83876490592957,89.00594997406006,6.643821954727173,32,32,100000,32,1,1
4,RevMax,RandGreedI,732.0,223.2800669670105,184.01327800750727,39.07686901092529,64,64,100000,32,1,1
5,RevMax,RandGreedI,1436.0,615.9646670818329,279.07366609573364,336.7013440132141,128,128,100000,32,1,1
6,RevMax,RandGreedI,2844.0,2428.4233210086823,518.326502084732,1909.9066631793976,256,256,100000,32,1,1
7,RevMax,RandGreedI,5660.0,10537.004518032074,935.4970359802246,9601.31535410881,512,512,100000,32,1,1
0,RevMax,RandGreedI,48.0,20.503638982772827,19.90835690498352,0.4000449180603027,4,4,100000,32,1,1
1,RevMax,RandGreedI,96.0,34.3148980140686,33.430063009262085,0.6928250789642334,8,8,100000,32,1,1
2,RevMax,RandGreedI,192.0,49.26508688926697,47.80551409721375,1.2669179439544678,16,16,100000,32,1,1
3,RevMax,RandGreedI,380.0,95.299889087677,88.41377711296082,6.691943168640137,32,32,100000,32,1,1
4,RevMax,RandGreedI,732.0,228.2944610118866,154.67417407035828,73.42695307731628,64,64,100000,32,1,1
5,RevMax,RandGreedI,1436.0,634.0673308372498,277.14454793930054,356.7311689853668,128,128,100000,32,1,1
6,RevMax,RandGreedI,2844.0,2455.633491039276,503.2901978492737,1952.155128955841,256,256,100000,32,1,1
7,RevMax,RandGreedI,5660.0,10551.863662958143,895.6288659572601,9656.047374010086,512,512,100000,32,1,1
0,RevMax,RandGreedI,48.0,20.81180191040039,20.228368997573853,0.3964378833770752,4,4,100000,32,1,1
1,RevMax,RandGreedI,96.0,34.703957080841064,33.83231496810913,0.6854860782623291,8,8,100000,32,1,1
2,RevMax,RandGreedI,192.0,48.36061811447144,46.91455602645874,1.2604801654815674,16,16,100000,32,1,1
3,RevMax,RandGreedI,380.0,92.56353497505188,85.72435307502747,6.653241157531738,32,32,100000,32,1,1
4,RevMax,RandGreedI,732.0,209.7445149421692,142.93360805511475,66.6231141090393,64,64,100000,32,1,1
5,RevMax,RandGreedI,1436.0,661.7524042129517,273.5022428035736,388.0596270561218,128,128,100000,32,1,1
6,RevMax,RandGreedI,2844.0,2466.184273958206,496.9798030853272,1969.0186409950256,256,256,100000,32,1,1
7,RevMax,RandGreedI,5660.0,9725.844110965729,911.2683229446412,8814.388917922974,512,512,100000,32,1,1
